{
    "active": true,
    "name": "Persistence",
    "slug": "persistence",
    "docsSlug": "doctrine-persistence",
    "versions": [
        {
            "name": "3.0",
            "branchName": "3.0.x",
            "slug": "latest",
            "upcoming": true
        },
        {
            "name": "2.1",
            "branchName": "2.1.x",
            "slug": "2.1",
            "upcoming": true
        },
        {
            "name": "2.0",
            "branchName": "2.0.x",
            "slug": "2.0",
            "current": true,
            "aliases": [
                "current",
                "stable"
            ]
        },
        {
            "name": "1.4",
            "branchName": "1.4.x",
            "slug": "1.4",
            "maintained": false
        },
        {
            "name": "1.3",
            "branchName": "1.3.x",
            "slug": "1.3",
            "maintained": false
        },
        {
            "name": "1.2",
            "branchName": "1.2.x",
            "slug": "1.2",
            "maintained": false
        },
        {
            "name": "1.1",
            "branchName": "1.1.x",
            "slug": "1.1",
            "maintained": false
        },
        {
            "name": "1.0",
            "branchName": "1.0.x",
            "slug": "1.0",
            "maintained": false
        }
    ]
}
